<?xml version="1.0" encoding="UTF-8"?>
<project-private xmlns="http://www.netbeans.org/ns/project-private/1">
    <editor-bookmarks xmlns="http://www.netbeans.org/ns/editor-bookmarks/2" lastBookmarkId="0"/>
    <open-files xmlns="http://www.netbeans.org/ns/projectui-open-files/2">
        <group>
            <file>file:/D:/7th%20Semester/Computer%20Networking%20Lab/Project/Group%20Chatting%20Application/src/Simple/group/chatting/application/Server.java</file>
            <file>file:/D:/7th%20Semester/Computer%20Networking%20Lab/Project/Group%20Chatting%20Application/src/Simple/group/chatting/application/Client1.java</file>
            <file>file:/D:/7th%20Semester/Computer%20Networking%20Lab/Project/Group%20Chatting%20Application/src/Simple/group/chatting/application/Client2.java</file>
            <file>file:/D:/7th%20Semester/Computer%20Networking%20Lab/Project/Group%20Chatting%20Application/src/Simple/group/chatting/application/Client3.java</file>
        </group>
    </open-files>
</project-private>
